row_id,english_question,bangla_question
2400,"In the figure, on the grid paper, each small square is a square with a side length of 1 cm. The three vertices of triangle ABC are located at the grid points. After rotating triangle ABC counterclockwise 90° around point O, we obtain triangle A′B′C′ (where the corresponding points of A, B, and C are A′, B′, and C′ respectively). What is the length of the path that point B travels during the rotation (in cm)? (Result should retain π)",
2401,An isosceles triangle ABC has legs AB = AC = 80 mm and base BC = 64 mm. Calculate the area of triangle ABC.,
2402,"In the rectangle ABCD, E is the midpoint of CD. Connect AE and extend it to intersect the extended line BC at point F. How many pairs of congruent right triangles are there in the figure?
A. 6 pairs
B. 5 pairs
C. 4 pairs
D. 3 pairs",
2403,"In the figure, the perimeters of parallelogram \(ABCD\) and parallelogram \(DFEC\) are equal, and \(AD=DE\), \(∠BAD=60^{\circ}\), \(∠F=110^{\circ}\). The degree measure of \(∠DAE\) is ______.",
2404,"In the figure, which of the following statements is correct? A. If AB ∥ DC, then ∠1 = ∠2. B. If AD ∥ BC, then ∠3 = ∠4. C. If ∠1 = ∠2, then AD ∥ BC. D. If ∠2 + ∠3 + ∠A = 180°, then AB ∥ DC.",
2405,"In the image, a fishing boat in the sea is located at point A, which is 70 nautical miles away from the island C. If the fishing boat sails 30 nautical miles east to point B, and at this point, the island C is observed to be in the north-east direction at an angle of 30 degrees from point B, what is the distance between the fishing boat and the island C at this moment? ______ nautical miles.",
2406,"As shown in the figure, which of the following statements is correct ( )
A. If AB // CD, then \( \angle 1 = \angle 2 \)
B. If AD // BC, then \( \angle 3 = \angle 4 \)
C. If \( \angle 1 = \angle 2 \), then AB // CD
D. If \( \angle 1 = \angle 2 \), then AD // BC",
2407,"In the figure, AB is a chord of circle O, with AB = 6. OD is perpendicular to AB at point D and intersects AB at point C. If OB = 5, what is the length of CD?
A. 0.5
B. 1
C. 1.5
D. 2",
2408,"In the figure, there is a flagpole \(ED\) with a height of \(15\) meters in front of an office building. From the top of the building \(A\), the angle of depression to the top of the flagpole \(E\) is \(45^{\circ}\). The distance from the base of the flagpole \(D\) to the bottom edge of the building's front steps \(DC\) is \(20\) meters, and the length of the slope of the steps \(BC\) is \(12\) meters, with a slope ratio \(i=1\): \(\sqrt{3}\). What is the height of the building \(AB\)? (Accurate to \(0.1\) meters)",
2409,"In quadrilateral ABCD, AB = CD, M and N are the midpoints of AD and BC respectively. Extend BA and CD to intersect line NM at points E and F. If \( \tan \angle F = \frac{3}{4} \), FC = FN, and EN = \( \frac{3}{2} \), then find EF.",
2410,"In the figure, points A, D, and E are on circle O, and points B and C are on line AD. Given that BC = 2, triangle BCE is an equilateral triangle, and ∠AOD = 120°. Let AB = x and CD = y. Find the functional relationship between y and x.",
2411,"As shown in the figure, the area of rectangle ABCD is 120 square centimeters, BE = 3AE, BF = 2FC. Find the area of quadrilateral EGBF.",
2412,"In the figure, the vertices of \(\triangle ABC\) are all points on a square grid. What is the value of \(\cos ∠ABC\)?",
2413,"Given: As shown in the figure, circles O₁ and O₂ are externally tangent at point C, and AB is a common external tangent, with A and B being the points of tangency. Connect AC and BC. Let the radius of circle O₁ be R and the radius of circle O₂ be r. If \( \tan \angle ABC = \sqrt{2} \), then the value of \( \frac{R}{r} \) is ( )
A. \( \sqrt{2} \)
B. \( \sqrt{3} \)
C. 2
D. 3",
2414,"In tetrahedron ABCD, E and F are the midpoints of AC and BD respectively. Given that AB = 6, CD = 10, and EF = 7, what is the angle in degrees formed between AB and CD?",
2415,"In the figure, the geometric body composed of four small cubes has an edge length of 1 for each cube. What is the sum of the areas of the top view and the left view of this geometric body?",
2416,"The three views of a certain triangular pyramid are shown in the figure. What is the surface area of this triangular pyramid? ( )
A. $2\!+\!\sqrt{5}$
B. $2+2{\sqrt{5}}$
C. $4\!+\!\sqrt{5}$
D. 5",
2417,This vacant lot is a total of 125.5 square meters. How many square meters are not covered with grass?,
2418,"The three views of a certain geometric body are shown in the figure. What is the volume of this geometric body?
A. \( \dfrac {5π}{6}\)
B. \( \dfrac {4π}{3}\)
C. \( \dfrac {5π}{3}\)
D. \( \dfrac {2π}{3}\)",
2419,"Given: As shown in the figure, AB is parallel to CD. Find the value of x in the figure.",
2420,"As shown in the figure, the region represented by the inequality $( x - 2 y + 1 ) ( x + y - 3 ) < 0$ is",
2421,"Given three circles with radius r that are externally tangent to each other and tangent to the sides of triangle ABC, what is the length of the sides of triangle ABC?
A. 2r
B. (2+ \sqrt{3}) r
C. 3r
D. 2 (1+ \sqrt{3}) r",
2422,"In the figure, $DH \parallel EG \parallel BC$, and $DC \parallel EF$. How many angles are equal to angle 1?",
2423,"In the figure, given that E and F are the diameter of circle O, one leg BC of the right triangle ABC with angle A equal to 60° is placed on line EF, and the hypotenuse AB intersects circle O at point P, with point B coinciding with point O. The triangle ABC is then translated in the direction of OE until point B coincides with point E. Let ∠POF = x°, then the range of x is ( )
A. 30≤x≤60
B. 30≤x≤90
C. 30≤x≤120
D. 60≤x≤120",
2424,"To solve the electricity supply problem for four villages, the government invests in building transmission lines between the existing power plant and these four villages. The distances between the four villages and the power plant are shown in the figure (distance unit: kilometers). What should be the shortest total length of the transmission lines that can deliver electricity to these four villages?
A. 19.5
B. 20.5
C. 21.5
D. 25.5",
2425,"In the figure, \(AB \parallel CD\), and lines \(EG\), \(EM\), and \(FM\) bisect angles \(∠AEF\), \(∠BEF\), and \(∠EFD\) respectively. The number of angles in the figure that are equal to \(∠DFM\) (excluding itself) is ( )
A. \(5\)
B. \(6\)
C. \(7\)
D. \(8\)",
2426,"In the right triangle $ABC$, it is known that: ∠$C$=90°, ∠$A$=60°, $AC$=3cm. Taking the midpoint $P$ of the hypotenuse $AB$ as the center of rotation, the triangle is rotated 90° counterclockwise to obtain the right triangle $A'B'C'$. The area of the overlapping part of the two right triangles before and after rotation is ____________ cm².",
2427,"(12 points) In the figure, AB is a chord passing through the left focus F of the ellipse, C is the right focus of the ellipse. It is known that |AB| = |AC| = 4, and ∠BAC = 90°; find the equation of the ellipse.",
2428,"As shown in the figure, Xiaohua stands at point G on the riverbank and sees a small boat moving perpendicularly towards the bank. At this moment, the angle of depression to the boat C is ∠FDC = 30°. Xiaohua's eye level is 1.6 meters above the ground, BG = 0.7 meters, and BG is parallel to line AC. The slope i = 4:3, and the length of slope AB = 8 meters. Points A, B, C, D, F, and G are in the same plane. What is the distance CA from the boat C to the bank in meters? (Result should retain the square root)",
2429,"As shown in the figure (2015 Wenzhou simulation), a sector paper piece OAB with a radius of 1 and a central angle of 60° rolls to the right along line L without slipping. When it rolls to the sector O'A'B', what is the total length of the path traveled by vertex O?",
2430,"As shown in Figure 1, a clock face is fixed vertically on a horizontal table, where point A on the minute hand is at a height of 10 cm from the table when the clock shows 3:30. As shown in Figure 2, when the clock shows 3:45, point A is at a height of 16 cm from the table. What is the height of point A from the table when the clock shows 3:50? ( )
A. $22-3 \sqrt {3}$
B. 16+π
C. 18
D. 19",
2431,"In the figure, the position of 'Shuai' is at (-1, -2), and the position of 'Xiang' is at (1, -2). What are the coordinates of the position of 'Pao'?
A. (4, 1)
B. (-3, 1)
C. (-1, -4)
D. (-4, 1)",
2432,"In the figure, line a is a north-south coastal defense warning line. At point A on line a, there is an underwater sound monitoring point, and two other monitoring points B and C are located 20 km and 54 km directly east of A, respectively. At a certain moment, monitoring point B received a sound wave from a stationary target P, which was subsequently received at monitoring point A after 8 seconds and at monitoring point C after 20 seconds. The speed of sound in water is 1.5 km/s. Find the distance from the stationary target P to the coastal defense warning line a (result accurate to 0.01 km).",
2433,"In triangle \(ABC\), \(∠ACB=90^{\circ}\), \(∠B=30^{\circ}\), and \(AC=2 \sqrt {3}\). The triangle is rotated counterclockwise around the right angle vertex \(C\) until point \(A\) reaches the starting position of line segment \(AB\). What is the length of the path point \(B\) has traveled?
A. \(2π\)
B. \( \dfrac {4}{3} \sqrt {3}π\)
C. \( \dfrac {5}{2}π\)
D. \(3π\)",
2434,"In the figure, angles ∠1 and ∠2 are corresponding angles ( ) 
A. ①②
B. ①③
C. ②③
D. ②④",
2435,"The three views of a pyramid are shown in the figure. What is the surface area of this pyramid (unit: c $m^{2}$)?
A. 48 + 12 \sqrt{2}
B. 48 + 24 \sqrt{2}
C. 36 + 12 \sqrt{2}
D. 36 + 24 \sqrt{2}",
2436,"In the figure shown, how many axisymmetric shapes are there?
A. 0
B. 1
C. 2
D. 3",
2437,"As shown in the figure, a circle is cut out from a rectangular piece of paper with a length of 9 and a width of 8, tightly against three edges. If two smaller circles ⊙O₁ and ⊙O₂ are cut out from the remaining paper, what is the maximum diameter d of these two small circles?",
2438,"In the figure, the area of triangle ABC is 60. Point D is on line BC, with BD = 2CD. Connect AD, and point E is the midpoint of AD. Extend line BE to intersect AC at point F. What is the area of triangle AEF?
A. 2
B. 4
C. 5
D. 8",
2439,"In the following figures, the number of shapes that are both axisymmetric and centrally symmetric is ( )",
2440,"A stack of several 1 yuan coins is placed on a table, and its three views are shown in the image. How many 1 yuan coins are there on the table ( ) pieces?
A. 7
B. 9
C. 10
D. 11",
2441,"The image shows a pattern composed of four identical basic shapes. Which shapes are axisymmetric to shape ②?
A) ①, ③
B) ①, ④
C) ③, ④
D) ①, ③, ④
E)",
2442,The area of the shaded part in the image is 56π square centimeters. Find the area of the triangle in the figure.,
2443,The top view of the 'h'-shaped geometric figure is shown in the image.,
2444,"In trapezoid ABCD, where AB is parallel to CD and AB is less than CD, a line intersects the extension of BA at point E, the extension of DC at point J, intersects AD at point F, BD at point G, AC at point H, and BC at point I. Given that EF = FG = GH = HI = IJ, find the ratio of CD to AB.",
2445,"Using a 56-meter long fence to enclose a piece of land (against the wall) for planting vegetables, what is the area of this vegetable garden in square meters?",
2446,"In the figure, squares are constructed outward on the three sides of right triangle ABC. The area S<sub>2</sub> of the square with side AC is equal to ( )
A. 6
B. 26
C. 4
D. 24",
2447,"As shown in the figure (2014 Spring, Tinghu District School-level Midterm), after folding a rectangular piece of paper along EF, points D and C fall to positions D' and C' respectively. The extension of ED' intersects BC at point G. If ∠EFG = 62°, then ∠1 = ?",
2448,"Given the figure, PA is tangent to circle O at point A, AB is perpendicular to PO and intersects circle O at point B, the extension of PO intersects circle O at point C. If ∠APC = 20°, then ∠BCP = ""________°.""",
2449,"A mathematics study group at a certain school designed the following two plans for the activity of measuring the height of the teaching building: Plan One and Plan Two. The measured data is as follows: CD = 6.9m, ∠ACG = 22°, ∠BCG = 13°, EF = 10m, ∠AEB = 32°, ∠AFB = 43°. Reference data: sin22° ≈ 0.37, cos22° ≈ 0.93, tan22° ≈ 0.40; sin13° ≈ 0.22, cos13° ≈ 0.97, tan13° ≈ 0.23; sin32° ≈ 0.53, cos32° ≈ 0.85, tan32° ≈ 0.62; sin43° ≈ 0.68, cos43° ≈ 0.73, tan43° ≈ 0.93. Please choose one of the methods to find the height of the teaching building (result rounded to the nearest integer).",
2450,"As shown in the figure, the length of the swing rope AB is 3 meters. When at rest, the board is 0.5 meters above the ground. When a child swings on the swing, at the highest point, the board is 2 meters above the ground (symmetrical left and right). Please calculate the length of the arc that the swing has traveled (accurate to 0.1 meters).",
2451,"As shown in the figure, the overlap between triangle ABC and circle O is given, where BC is the diameter of circle O. If \( \angle A = 70^\circ \) and \( BC = 2 \), then the area of the shaded region is ( )
A. \( \frac{55}{360}\,\pi \)
B. \( \frac{110}{360}\,\pi \)
C. \( \frac{125}{360}\,\pi \)
D. \( \frac{140}{360}\,\pi \)",
2452,"The sunlight makes an angle of 60° with the ground and shines on a ball on the ground. The length of the projection of the ball on the ground is 10 $\sqrt{3}$ cm. What is the diameter of the ball?
A. 5 $\sqrt{3}$
B. 15
C. 10
D. 8 $\sqrt{3}$",
2453,"(2009 New Zhou District Simulation) In the figure, triangle ABC (∠ACB=90°, ∠ABC=30°) is folded along line AD, making point B fall at point E, where E is on the extension of AC. What is the degree measure of ∠AEB?",
2454,"(2010•Qinghai) In the figure, AB is parallel to CD, FG bisects angle EFD, and angle 1 is 70°. What is angle 2?",
2455,"In the figure, the side AB of triangle ABC is divided into four equal parts, and AC is divided into three equal parts. Given that the area of triangle ADG is 4 cm², what is the area of the shaded part in triangle ABC ( ) cm²?
A. 40
B. 32
C. 28
D. 24",
2456,"In the polyhedron ABCDEF, it is known that face ABCD is a square with a side length of 4, EF is parallel to AB, EF = 2, and the distance from any point on EF to the plane ABCD is 3. Find the volume of the polyhedron.",
2457,"In triangle ABC, ∠CAB = ∠CBA = 50°, point O is inside triangle ABC, ∠OAB = 10°, ∠OBC = 20°, what is the degree measure of ∠OCA?
A. 55°
B. 60°
C. 70°
D. 80°",
2458,"In the figure, on a unit grid where each unit is 1, triangles △$A_1A_2A_3$, △$A_3A_4A_5$, △$A_5A_6A_7$, …, all have their hypotenuses on the x-axis, with hypotenuse lengths of 2, 4, 6, … respectively, and the coordinates of the vertices of triangle △$A_1A_2A_3$ are $A_1$ (2, 0), $A_2$ (1, -1), $A_3$ (0, 0). According to the pattern shown in the figure, what are the coordinates of $A_{2013}$?
A. (2, 1006)
B. (1008, 0)
C. (-1006, 0)
D. (1, -1007)",
2459,Excavate a channel with a trapezoidal cross-section. What is its cross-sectional area in square meters?,
2460,"In the parallelogram ABCD, what condition can be added to make it a rectangle?",
2461,"In the figure, rectangle ABCD has side AB on the x-axis, the midpoint of AB coincides with the origin, AB = 2, AD = 1. A line passing through the fixed point Q(0, 2) and the moving point P(a, 0) intersects the sides of rectangle ABCD at a common point. What is the range of values for a?",
2462,"A worker wants to divide the right-angled iron sheet shown in the figure into two equal-area parts using a straight line m. Below are the methods proposed by four students: A, B, C, and D. The number of students with correct methods is ( )
A. 4
B. 3
C. 2
D. 1",
2463,The following pattern is both centrally symmetric and axially symmetric ( ).,
2464,"As shown in the image, this is a logo design created by an advertising company for a certain product. If the side length of each small square is 1, what is the area of the shaded part?",
2465,"As shown in the figure, on a cliff with a height of \(300m\), the angles of depression from the top of the tower to the base are \({30}^{\circ}\) and \({60}^{\circ}\). What is the height of tower \(CD\)? 
A. \(100m\)
B. \(150m\)
C. \(180m\)
D. \(200m\)",
2466,"Given a triangular pyramid with three views as shown in the image, where all three views are right triangles, how many right triangles are there among the four faces of this triangular pyramid?",
2467,"In the following figures, the areas of the shaded parts that are equal are \((\) \()\)
A. (1)(2)
B. (2)(3)
C. (1)(4)
D. (3)(4)",
2468,"As shown in the figure (textbook variation problem), there is a water pipe with the same radius stacked at a construction site. The radius of the pipe is 1.2 m. Find the distance from the highest point of the stacked pipes to the ground.",
2469,"The image shows the three views of a certain geometric body. Based on the data in the image, find the surface area of the geometric body as ______.",
2470,"In the figure, the length of the upper base BC of the isosceles trapezoid ABCD is 1. The radii of arcs OB, OD, and BD are equal, and the centers of the circles for arcs OB and BD are A and O, respectively. What is the area of the shaded part in the figure?
A. \( \frac{\sqrt{3}}{4} \)
B. \( \frac{\sqrt{3}}{2} \)
C. \( \frac{3{\sqrt{3}}}{4} \)
D. \( \sqrt{3} \)",
2471,"In the figure, line l is the axis of symmetry, and the corresponding point of point A is point.",
2472,"Given line AB: y = -\frac{3}{4}x + 3, and a moving point P(t, 0) on segment OA (where O is origin and A is x-intercept). Point C is the intersection of the vertical line through P with line AB. A parabola with vertex at C intersects line AB again at point D. Let h be the height from side OC of triangle COD. Find the value of t that maximizes h.",
2473,"Select the axisymmetric figure in the image ( )
A. (1), (2)
B. (1), (4)
C. (2), (3)
D. (3), (4)",
2474,"In the figure, line $l_1$ is parallel to line $l_2$, and the ratios are given as $AF: FB = 2: 3$ and $BC: CD = 2: 1$. What is the ratio of $AE: EC$?
A. 5: 2
B. 4: 1
C. 2: 1
D. 3: 2",
2475,"In the same plane, if two polygons (including interiors) have common points other than their boundaries, they are said to have a 'common part'. As shown in the figure, if square ABCD is composed of 9 small squares with a side length of 1, and there is another square with a side length of 1 that has a 'common part' with n of these 9 small squares, what is the maximum value of n? ( )
A. 4
B. 5
C. 6
D. 7",
2476,"As shown in the figure, the shortest route Xiao Liang takes from school to home is ( )
A. (2, 2) → (2, 1) → (2, 0) → (0, 0)
B. (2, 2) → (2, 1) → (1, 1) → (0, 1)
C. (2, 2) → (2, 3) → (0, 3) → (0, 1)
D. (2, 2) → (2, 0) → (0, 0) → (0, 1)",
2477,"In the rectangular grid shown in the figure, each small rectangle has a length of $2$ and a width of $1$. Points $A$ and $\mathcal{B}$ are located at the grid points. If point $C$ is also at a grid point, and the area of the triangle formed by points $A$, $\mathcal{B}$, and $C$ is $2$, how many points $C$ satisfy this condition?
A. 2
B. 3
C. 4
D. 5",
2478,"As shown in the image, △ABC ∽ △ACD, with a similarity ratio of 2. What is the ratio of the areas \( S_{△BDC} \) to \( S_{△DAC} \)?
Options:
(A) 4:1
(B) 3:1
(C) 2:1
(D) 1:1",
2479,"As shown in the figure, there are a total of ___ triangles.",
2480,"In the figure, in a square grid of size 4\( \times \) 4, the similar triangles are ______ (please fill in the number).",
2481,"In the figure, the following patterns are the logos of several banks in our country. Among them, the axisymmetric figures are ( ) 
A. 4
B. 3
C. 2
D. 1",
2482,"Given a coordinate system where the bus station is the origin, Happiness Street is the x-axis, and Xiangyang Road is the y-axis, the location of the memorial hall is shown in the image. What are the possible coordinates it covers?
A. (-5, 3)
B. (4, 3)
C. (5, -3)
D. (-5, -3)",
2483,"In the figure, each small square has equal side lengths, and points A, B, and C are the vertices of the small squares. What is the degree measure of angle ∠ABC?
A. 30°
B. 45°
C. 60°
D. 90°",
2484,"In isosceles trapezoid ABCD, AB = 15, AD = 20, and ∠C = 30°. Points M and N move simultaneously at the same speed from A and D along AB and AD. When the area of pentagon BCDNM is minimized, determine the shape of triangle AMN.",
2485,"As shown in the figure, this shape can be folded into a cube. After folding, the character opposite to 'love' is .",
2486,"In the figure, the radius of circle O is 6, diameter AB is perpendicular to CD. With B as the center and BC as the radius, construct arc CED. Then, the area of the crescent shape ACED (the shaded part) is .",
2487,"In the figure, in a square grid where each small square has a side length of 1, how many sides of triangle ABC on the grid have an irrational length? ( )
A. 0
B. 1
C. 2
D. 3",
2488,"In the figure, \(AB\) is the diameter of circle \(⊙O\), \(AC\) is a chord, point \(P\) is outside circle \(⊙O\). Line segment \(PA\) intersects circle \(⊙O\) at point \(F\), and line segment \(PC\) extended intersects circle \(⊙O\) at point \(D"") and intersects line \(AB\) at point \(E\). Connecting \(FC\) and \(FB\), if \(AC^{2}=AF\cdot AP\), \(AC=4 \sqrt {5}\), and \(CD=8\), find the radius of circle \(⊙O\).",
2489,Find the area of the shaded part below:,
2490,"In the figure, two identical rectangular images are pasted onto a rectangular promotional board EFGH. Except for two vertices coinciding at point D, the other vertices are on the edges of rectangle EFGH. Given that AB = 50 cm, BC = 40 cm, and ∠BAE = 55°, find the length of EF. (Reference data: sin 55° = 0.82, cos 55° = 0.57, tan 55° = 1.43)",
2491,"In the figure, which of the following sets of conditions can ensure that a // b?
A. ∠1 + ∠2 = 180°
B. ∠1 = ∠3
C. ∠2 + ∠4 = 180°
D. ∠1 = ∠4",
2492,"As shown in the figure, a square ABCD with a side length of 1 rotates counterclockwise by 30° around point A to become square AB'C'D'. The area of the shaded part is ( )
A. 1 - \frac{\sqrt{3}}{3}
B. \frac{\sqrt{3}}{3}
C. 1 - \frac{\sqrt{3}}{4}
D. 1",
2493,"In the figure, \(AD\) is the angle bisector of \(\triangle ABC\), and \(DE\) and \(DF\) are the heights of \(\triangle ABD\) and \(\triangle ACD\), respectively. Which of the following statements is correct?
\(AD\) is perpendicular to \(FE\)
B. \(AD\) bisects \(EF\)
C. \(EF\) is perpendicular to \(AD\)
\(AD\) is the perpendicular bisector of \(EF\)",
2494,"In the figure, lines a and b intersect at point O, and ∠1 = 50°. What is ∠2 in degrees?",
2495,"In the figure, which of the four rays indicating direction represents North-East 60°? ( )",
2496,"Triangle ABC is an equilateral triangle with side length 6 cm. A rectangle is drawn parallel to base BC, intercepting sides AB and AC. If AB is divided into three equal parts, what is the area of the shaded region?",
2497,"In the figure, in a \(8 \times 4\) rectangular grid, each small square has a side length of \(1\). If the three vertices of \(\triangle ABC\) are at the corresponding grid points, what is the value of \(\tan ∠ACB\)?",
2498,"Which of the following figures are axisymmetric figures?
A. ②③④
B. ①②③
C. ②③
D. ①②③④",
2499,"The figure represents ( )
A. Line
B. Ray
C. Straight Angle
D. Full Angle
E.",
2500,"In triangle ABC, given that \( \angle C = 90^{\circ} \) and \( \angle A = 25^{\circ} \), a circle centered at point C with radius \( \mathcal{B} \boldsymbol{C} \) intersects line AB at point D and line AC at point E. What is the degree measure of \( \overline{\mathcal{B}} \boldsymbol{\mathcal{D}} \)?
A. \( 25^{\circ} \)
B. \( 30^{\circ} \)
C. \( 50^{\circ} \)
D. \( 65^{\circ} \)",
2501,"In the figure, if AD bisects ∠BAC and AD is parallel to EC, which triangle is isosceles?",
2502,"As shown in the figure, triangle \(\triangle ABC\) is rotated clockwise around point \(C\) by \(50^{\circ}\) to obtain triangle \(\triangle A'B'C'\). If \(∠A'C'B'=30^{\circ}\), what is the degree measure of \(∠BCA'\)?",
2503,"In the figure below, the non-existent relationship between the two circles is ( )
Options:
(A) Externally Disjoint (Externally Tangent)
(B) Externally Tangent or Internally Tangent
(C) One Contains the Other
(D) Intersecting",
2504,"In the figure, connecting the midpoints O of two steel bars AA' and BB' allows AA' and BB' to rotate freely around point O, forming a measuring tool. If the length of A'B' equals the inner groove width AB, the reason for determining that △OAB ≌ △OA'B' is ( )
A. Side-Side-Side
B. Angle-Side-Angle
C. Side-Angle-Side
D. Angle-Angle-Side",
2505,"In the figure, a rectangular strip ABCD is folded along EF. If ∠BGE = 112°, then ∠1 = °.",
2506,"In the figure, the vertices of triangle ABC are all points on a square grid. What is the value of \( \cos \angle ABC \)?",
2507,"In the figure, quadrilateral ABCD is a square, and the curve DEFGH is called the ""evolute of the square"". The segments DE, EF, FG, GH, etc., are connected sequentially, with their centers rotating through points A, B, C, and D. When AB = 1, what is the length of the curve DEFGH?",
2508,"In the figure, given that \(∠BDC=142^{\circ}\), \(∠B=34^{\circ}\), and \(∠C=28^{\circ}\), find \(∠A=\) ______ degrees.",
2509,"Calculate the area of the shaded region shown in the figure, where the figure consists of a quarter-circle of radius 6 cm with a right-angled isosceles triangle of leg length 6 cm inscribed in it.",
2510,"Given the three views of a certain spatial geometric body as shown in the figure, the volume of this geometric body is ( )
A. \(4\)
B. \(6\)
C. \(8\)
D. \(12\)",
2511,"In the figure, there is a triangular wooden block ABC with a side length of 6 cm. Point P is a point on the extension of side CA, and a thin rope is pulled between points A and P, with the length of AP being 15 cm. Holding point P, the rope is straightened and tightly wound around the triangular wooden block ABC (the block does not move). The length of the path that point P travels is (accurate to 0.1 cm, π≈3.14) ( )
A. 28.3 cm
B. 28.2 cm
C. 56.5 cm
D. 56.6 cm",
2512,"In the figure, in an 8\( \times \)4 square grid, each small square has a side length of 1. If the three vertices of triangle ABC are at the corresponding grid points, then \( \tan \angle ACB = \)_________.",
2513,"In the figure, the area of shape A is 48 square decimeters, and the area of shape B accounts for the area of the parallelogram as \( \frac{1}{5} \). What is the area of the parallelogram in square decimeters?",
2514,"Among the three shapes below, with the side length of the small square being 1 cm, which shape has the largest perimeter?",
2515,"In the figure, points A, B, C, and D are on circle O. Which angle in the figure is equal to ∠A? ( )
A. ∠B
B. ∠C
C. ∠DEB
∠D",
2516,"In the figure, in the isosceles trapezoid ABCD, AB is parallel to CD, AC is perpendicular to BC, point E is the midpoint of AB, and EC is parallel to AD. What is the measure of ∠ABC?
A. 75°
B. 70°
C. 60°
D. 30°",
2517,"In the rectangular prism ABCD-A<sub>1</sub>B<sub>1</sub>C<sub>1</sub>D<sub>1</sub>, points E and F are the midpoints of B<sub>1</sub>O and C<sub>1</sub>O respectively. How many edges of the rectangular prism are parallel to EF?
A. 1 edge
B. 2 edges
C. 3 edges
D. 4 edges",
2518,"If a square piece of paper is cut along the dashed line in the figure, which of the following four shapes can be formed is a centrally symmetric shape? (Fill in the number)",
2519,"In circle O, ∠AOB = 140°, ∠BAD = 50°, then ∠C = ?",
2520,"In the figure, \(CD\) is the diameter of circle \(⊙O\), and \(CD\) is perpendicular to chord \(AB\). Given that \(∠AOC=50^{\circ}\), what is the size of angle \(∠B\)?
A. \(25^{\circ}\)
B. \(30^{\circ}\)
C. \(40^{\circ}\)
D. \(65^{\circ}\)",
2521,"In the figure, given that the equilateral triangle \( \triangle AEB \) and the equilateral triangle \( \triangle BDC \) are on the same side of the line segment \( AC \), which of the following statements is incorrect? ( )
\( \triangle ABD \cong \triangle EBC \)
\( \triangle NBC \cong \triangle MBD \)
\( DM = DC \)
\( \angle ABD = \angle EBC \)",
2522,"The three views of a geometric body are shown in the figure. What is the surface area of this geometric body? ( )
A. \(28\)
B. \(27\)
C. \(24\)
D. \(21\)",
2523,"Xiao Ming discovered that 8 identical rectangles can perfectly form a larger rectangle; Xiao Hong saw this and said, ""I want to try too."" As a result, Xiao Hong pieced together a square with a hole in the middle, which is exactly a small square with a side length of 3mm. What is the area of each small rectangle?
A. 120mm²
B. 135mm²
C. 108mm²
D. 96mm²",
2524,"In the figure, points A₁, A₂, ..., Aₙ lie on ray OA, and points B₁, B₂, ..., Bₙ lie on ray OB. For each i ≥ 2, line AᵢBᵢ is parallel to Aᵢ₋₁Bᵢ₋₁, and line AᵢBᵢ₋₁ is parallel to Aᵢ₋₁Bᵢ₋₂. Given that the area of triangle △A₂B₁B₂ is 1 and the area of triangle △A₃B₂B₃ is 9, find the area of triangle △A₁₀₀₇B₁₀₀₇A₁₀₀₈.",
2525,"In the figure, given that AB is parallel to CD, what is the relationship between angles ∠α, ∠β, and ∠γ? ( )
A. β + γ - α = 180°
B. α + γ = β
C. α + β + γ = 360°
D. α + β - 2γ = 180°",
2526,"In the figure, the sum of angles ∠1 + ∠2 + ∠3 + ∠4 + ∠5 equals ( )
A. 175°
B. 180°
C. 225°
D. 360°",
2527,"As shown in the figure, rotating a rhombus around the intersection of its diagonals by 90° creates a 'star shape' (the shaded area). If one interior angle of the rhombus is 60° and the side length is 2, what is the area of the 'star shape'?",
2528,"As shown in the figure, it is a rotationally symmetric figure with $$O$$ as the center of rotation. Which of the following angles, if used as the angle of rotation, would make the rotated figure coincide with the original figure $$($$__$$)$$ 
Options: 
(A) $$60^{\circ}$$
(B) $$150^{\circ}$$
(C) $$180^{\circ}$$
(D) $$240^{\circ}$$",
2529,"In the figure, ray PG bisects angle EPF, point O is on ray PG. A circle with center O and radius 10 intersects the sides of angle EPF at points A, B, and C, D. Connect OA, then OA is parallel to PE. Given that chord AB = 12, find the length of OP.",
2530,"As shown in the figure (2012 Spring • Hailing District School-level Midterm), when folding the right-angled trapezoid paper, the upper base AD falls at point F on the lower base BC. Given that DC = 8 cm and FC = 4 cm, what is the length of EC in cm?",
2531,"Xiao Xu took a square piece of paper as shown in Figure A, folded it along the dashed line once to get Figure B. Then he folded it again to get Figure C. After that, he used scissors to cut off a corner along the dashed line in Figure C (the dashed line is parallel to the bottom edge). The shape after unfolding is ( )",
2532,"As shown in the figure, a square paper with a side length of 6 is cut along the dashed line to form a prism with a triangular base. What is the lateral surface area of this prism?
A. 36
B. $36{-}12{\sqrt{3}}$
C. $36{-}9\sqrt{3}$
D. $36{-}10{\sqrt{3}}$",
2533,"In the figure, there are two concentric circles. The radius of the larger circle is 5 cm, and the radius of the smaller circle is 4 cm. If the chord AB of the larger circle intersects the smaller circle at two points, what is the range of values for AB?",
2534,"The rain cover on Xiaoming's house window is a type of fiberglass product. Its top is part of a cylindrical surface (as shown in Figure 1), and there are two arcs on the edge of its side (as shown in Figure 2). The center O₁ of the top arc AB is on the vertical edge AD, and the center O₂ of the other arc is on the extension of the horizontal edge DC, with a central angle of 90°. Please calculate the length of arc AB based on the indicated dimensions (unit: cm) (the result may include π, sin80°≈60/61).",
2535,"As shown in the figure, the three views of a triangular pyramid are three right angles, then the volume of the triangular pyramid is .",
2536,"If the three views (unit: cm) of a certain geometric body are as shown in the figure, then the volume of this geometric body is equal to ( )
A. 10cm³
B. 20cm³
C. 30cm³
D. 40cm³",
2537,"As shown in the figure, triangle ABC rotates clockwise around the midpoint O of AC to become triangle CDA. Add a condition to make quadrilateral ABCD a rectangle.",
2538,"The base of the polyhedron MN-ABCD is a rectangle, and its front (main) view and side (left) view are shown in the figure. The front (main) view is an isosceles trapezoid, and the side (left) view is an isosceles triangle. What is the length of AM ( )?
A. \(\sqrt{3}\)
B. \(\sqrt{5}\)
C. \(\sqrt{6}\)
D. \(2\sqrt{2}\)",
2539,"In the figure, placing the right angle vertex of the triangle ruler on line \(a\), where \(a \parallel b\), \(∠1=50^{\circ}\), and \(∠2=60^{\circ}\), what is the degree measure of \(∠3\)? 【 】
A. \(50^{\circ}\)
B. \(60^{\circ}\)
C. \(70^{\circ}\)
D. \(80^{\circ}\)",
2540,"Given a square with side length \(1\) and an equilateral triangle arranged as shown in the image, the area of \(\triangle ABC\) is ______.",
2541,"In the figure, D is a point on side AB of triangle ABC. To make triangle BCD similar to triangle BAC, it is sufficient to add the condition that (only one condition is needed).",
2542,"As shown in the figure, the side length of square paper ABCD is 2. Fold angles B and D so that the two right-angle vertices coincide at point P on diagonal BD. EF and GH are the crease lines. Let AE = x (0 < x < 2). Evaluate the truth of the following four statements: 
1. When x = 1, point P is the center of square ABCD; 
2. When x = 1 or 2, EF + GH > AC; 
3. When 0 < x < 2, the maximum area of hexagon AEFCHG is 3; 
4. When 0 < x < 2, the perimeter of hexagon AEFCHG remains unchanged. 
Choose the correct option from A, B, C, D.",
2543,"As shown in the figure, it is a net of a cube. If it is restored to a cube, what is the positional relationship between line AB and line CD?",
2544,"If the system of inequalities represents a triangular area in the plane, and its area equals \( \frac{4}{3} \), what is the value of \( m \)?
A. $^{-3}$
B. $1$
C. $\frac{4}{3}$
D. $^3$",
2545,"As shown in the figure, the streetlight is 8 meters above the ground, and Xiaoming, who is 1.6 meters tall, walks from point A, which is 20 meters away from the base of the lamp (point O), along the line OA for 14 meters to point B. What is the length of his shadow?
A. Increase by 1.5 meters
B. Decrease by 1.5 meters
C. Increase by 3.5 meters
Decrease by 3.5 meters",
2546,"Use a right-angle steel ruler to check whether a certain workpiece is exactly a semicircular ring. According to the situation represented in the image, which of the four workpieces is definitely a semicircular ring (______)",
2547,"Among the four shapes shown in the figure, the shape that can be obtained both by reflection and by rotation is ( )
A) ①②③④
B) ①②③
C) ①③
D) ③
E)",
2548,"In the figure, \(AD\) is the height of \(\triangle ABC\), \(AE\) is the diameter of the circumcircle \(⊙O\) of \(\triangle ABC\), and given that \(AB=6\), \(AC=5\), \(AD=3\), then the diameter \(AE=\) ______.",
2549,"In the figure, AB is parallel to CD, E is a point on AB, and EF is perpendicular to EG. Which of the following conclusions is incorrect?
A. ∠α + ∠β + ∠G = 90°
B. ∠α + ∠β = ∠F
C. ∠α < ∠β
D. ∠α + ∠γ = ∠G + ∠F",
2550,"In the figure, the number of similar triangles is ( )
A. 3 pairs
B. 4 pairs
C. 5 pairs
D. 6 pairs",
2551,"The figure shows the front view and top view of a geometric body composed of several identical small cubes. How many different configurations can this geometric body have ( )?
A. 9 types
B. 12 types
C. 15 types
D. 18 types",
2552,"Figure: The area of the square is 36 square centimeters, the length of AB is twice that of BC, what is the area of the shaded part in square centimeters?",
2553,"Given: In the figure, both sides of angle A0B, 0A and 0B, are plane mirrors, and ∠A0B = $40^{\circ}$. If a ray of light parallel to OB reflects at point Q to point P, then ∠QPB = ( ).
A. 60°
B. 80°
C. 100°
D. 120°",
2554,"In the figure, quadrilateral ABCD has angles ∠B = 120° and ∠D = 50°. If the lower right corner is folded inward to form triangle PCR such that CP is parallel to AB and RC is parallel to AD, then what is the measure of angle C?
A. 80°
B. 85°
C. 95°
D. 110°",
2555,"As shown in the figure, the vertices A and B of the equilateral triangle OAB with a side length of 2 are on a circle with a radius of 2. The equilateral triangle OAB rolls without slipping along the inner wall of the circle. When it rolls one complete revolution back to its original position, the length of the path traveled by point B is ( )
A. 4π
B. 2π
C. \frac{10}{3}π
D. \frac{8}{3}π",
2556,"The three views of a certain geometric body are shown in the figure. What is its volume?
A. 8
B. 10
C. 12
D. 14",
2557,"In the square grid, where each small square has a side length of 1, the three vertices of triangle ABC are located at the grid points. What is the perimeter of triangle ABC?",
2558,"In the year 2003, in Guiyang, as shown in the figure, a cube has the numbers 1, 2, 3, 4, 5, and 6 marked on each of its faces. Based on the numbers displayed in the three states of the cube (①, ②, ③), what number can be inferred to be at the position marked with '?'?",
2559,"In the square \(ABCD\), where \(AB=4\), point \(E\) moves from point \(A\) towards point \(D\), while point \(F\) moves from point \(D\) towards point \(C\). Points \(E\) and \(F\) move at the same speed and stop when they reach their respective endpoints. During their movement, line segments \(AF\) and \(BE\) intersect at point \(P\). Let \(M\) be any point on line segment \(BC\). What is the minimum value of \(MD + MP\)?",
2560,"Two identical right-angled triangular boards with a 30° angle are overlapped and rotated around the midpoint M of their longer right-angle side, so that the hypotenuse of the top board just passes over the right-angle vertex C of the bottom board. Given that AC = 6, what is the distance between the vertices A and A'?",
2561,"The three views of a certain square pyramid are shown in the figure (unit: cm). What is the surface area of this square pyramid?
A. \((13+3 \sqrt {7})cm^{2}\)
B. \((12+4 \sqrt {3})cm^{2}\)
C. \((18+3 \sqrt {7})cm^{2}\)
D. \((15+3 \sqrt {7})cm^{2}\)",
2562,"As shown in the figure, the side length of the small squares on the grid paper is \(1\). The thick lines depict the three views of a geometric body. What is the volume of this geometric body?
A. \(3\)
B. \(\dfrac{11}{3}\)
C. \(7\)
D. \(\dfrac{23}{3}\)",
2563,"In the right triangle \(ABC\), where \(AC=1\) and \(BC=x\), point \(D\) is the midpoint of the hypotenuse \(AB\). If triangle \(BCD\) is folded along line \(CD\) and there exists a position during the folding such that \(CB \perp AD\), what is the range of values for \(x\)?",
2564,"As shown in the figure, in isosceles triangle ABC, AB = AC. Triangle ABC is folded along line DE so that vertex C falls on point O, which is the intersection of the perpendicular bisectors of the triangle's sides. If BE = BO, find the degree of ∠ABC.",
2565,"The three views of a certain geometric body are shown in question (6). Its side view is an equilateral triangle with a side length of 1, and its top view is a rhombus formed by two equilateral triangles. What is the volume of this geometric body?
A. 1
B. \frac{1}{2}
C. \frac{1}{4}
D. \frac{1}{8}",
2566,"In the figure, two rectangles with lengths of 12 and widths of 8 overlap. Given that the length AB is 7, what is the area of the overlapping shaded region? ( )
A. 36
B. 42
C. 48
D. 56",
2567,"In the figure, the side length of each small square is 1. Which of the shaded triangles in the following figures is similar to the shaded triangle in the lower left figure?",
2568,"In the Cartesian coordinate system, given points $A$, $B$, and $C$ lie on the hyperbola $y = \frac{6}{x}$, $BD \perp x$-axis at point $D$, $CE \perp y$-axis at point $E$, and point $F$ lies on the $x$-axis such that $AO = AF$, what is the area of the shaded region in the figure?",
2569,Calculate the area of the shaded part.,
2570,"The right figure is a visual representation of a triangular pyramid and its three views, all of which are right triangles. Then, b = ( )
A. 2
B. \sqrt { 3 }
C. \sqrt { 5 }
D. \sqrt { 6 }",
2571,"In the inscribed quadrilateral ABCD of circle O, AB is the diameter, ∠BCD = 120°, and the tangent PD at point D intersects line AB at point P. What is the degree measure of ∠ADP?
A. 40°
B. 35°
C. 30°
D. 45°",
2572,"In the parallelogram ABCD, point F is on the extension of line BC. How many pairs of similar triangles are in the figure?",
2573,"In the figure, points \(D\), \(E\), and \(F\) are the midpoints of sides \(AB\), \(BC\), and \(CA\) of triangle \(ABC\), respectively. Which of the following is true?
\( \overset{→}{AD}+ \overset{→}{BE}+ \overset{→}{CF}= \overset{→}{0} \)
\( \overset{→}{BD}- \overset{→}{CF}+ \overset{→}{DF}= \overset{→}{0} \)
\( \overset{→}{AD}+ \overset{→}{CE}- \overset{→}{CF}= \overset{→}{0} \)
\( \overset{→}{BD}- \overset{→}{BE}- \overset{→}{FC}= \overset{→}{0} \)",
2574,"A net of a cube is shown in the figure. After folding it into a cube, which character is on the face opposite to the character '岳'?
A. 建
B. 设
C. 和
D. 谐",
2575,"Given circle M: \((x-3)^2 + (y-3)^2 = 4\), quadrilateral ABCD is an inscribed square in circle M, and E is the midpoint of side AB. When square ABCD rotates around center M and point F moves along side AD, what is the maximum value of \(ME \cdot OF\)?",
2576,"In the figure, in rectangle ABCD, AB=3, BC=4. By folding triangle ABD along diagonal BD, we obtain triangle A₁BD, and point A₁ projects onto line BC at point O. Let the angle of the dihedral angle C-A₁B-D be α, then the value of sinα is equal to .",
2577,"In the figure, if angle 1 = 30°, what is angle 2 in degrees?",
2578,"In the figure, points \(A\), \(B\), \(C\), and \(D\) are four points on circle \(⊙O\), and \(AD \parallel BC\). What is the relationship between angles \( \hat AB\) and \( \hat CD\)?",
2579,"In the figure, AC is the diagonal of rectangle ABCD, E is a point on the extension of side BC, and AE intersects CD at F. How many pairs of similar triangles are there in the figure?
A. 2 pairs
B. 3 pairs
C. 4 pairs
D. 5 pairs",
2580,"Student Xiao Ming places a right triangle ruler containing a \(45^{\circ}\) angle on two parallel lines \(m\) and \(n\) as shown in the figure, measuring \(∠α=120^{\circ}\). What is the degree measure of \(∠β\)?",
2581,"The figure shown is part of a tile mosaic. It is known that ∠ABE = ∠DBF = x°, ∠BDF = 22°, and AB ⊥ CD. What is the value of x?",
2582,"In the figure, lines a and b are intersected by line c. Which of the following statements is correct? ( )
A. When ∠1 = ∠2, then a ∥ b
B. When a ∥ b, then ∠1 = ∠2
C. When a ∥ b, then ∠1 + ∠2 = 180°
D. When a ∥ b, then ∠1 + ∠2 = 90°",
2583,During which position of the Earth is the Vernal Equinox occurring?,
2584,"In the triangular pyramid S-ABC, the front view and side view are shown in the figure. What is the length of edge SB? ( )
A. $2\sqrt{11}$
B. $4\sqrt{2}$
C. $16\sqrt{3}$
D. $\sqrt{38}$",
2585,"In the following figure: ∠3 + ∠4 = 180°, ∠1 = 108°. Find the measure of ∠2.",
2586,"As shown in the figure, lines AB and CD intersect at point O, and OE is a ray. How many angles in the figure are less than a straight angle? Please list them one by one.",
2587,"As shown in the figure, line a // b, and line c intersects lines a and b at points A and B respectively. If ∠1 = 60°, then ∠2 = ___ degrees.",
2588,"In the figure, triangle ABC has vertices at grid points on a 5×5 grid (each square side = 1 unit). After rotating triangle ABC clockwise around point B to position A'BC', where A' and C' remain on grid points, find the area swept by line segment AB.",
2589,"In the figure, a rectangular piece of paper ABCD is folded along EF, and the intersection point of ED' and BC is G. Points D and C fall on positions D' and C', respectively. If ∠EFG = 55°, then ∠1 equals ( )
A. 55°
B. 125°
C. 70°
D. 110°",
2590,"In the figure, placing \(∠AOB\) in a \(5 \times 5\) square grid, what is the value of \(\sin ∠AOB\)?
A. \( \dfrac {3}{2}\)
B. \( \dfrac {2}{3}\)
C. \( \dfrac {2 \sqrt {13}}{13}\)
D. \( \dfrac {3 \sqrt {13}}{13}\)",
2591,"A cam is constructed from three equal arcs of circles centered at the vertices of an equilateral triangle, with the side length as radius. The cam rests on the X-axis with its bottom end at the origin O, and one vertex and its center M lie on the positive Y-axis. As the cam rolls forward along the positive X-axis, the center M and the highest point move. What is the approximate shape formed by the path of the highest point (above) and the path of the center M (below) during one complete revolution?",
2592,How many axisymmetric figures are there among the following shapes? ( ),
2593,"In the trapezoid ABCD, where AD is parallel to BC, and AB = DC, points E and F are the midpoints of AB and AD respectively. The line EF intersects the extensions of CB and CD at points G and H. Given that the ratio of BC to AD is 7:4 and AC = 28, find the length of GH.",
2594,"Given the ellipse centered at the origin, F is the focus, A is the vertex, and the directrix l intersects the x-axis at point B. Points P and Q are on the ellipse, with PD ⊥ l at D and QF ⊥ AO. Determine the following ratios: 1) \(|PF|\) to \(|PD|\); 2) \(|QF|\) to \(|BF|\); 3) \(|FO|\) to \(|AO|\); 4) \(|AF|\) to \(|AB|\). Which of these ratios equal the eccentricity of the ellipse?
A. 1
B. 2
C. 3
D. 4",
2595,"In the figure, AC is the diameter of circle O, BD is a chord of circle O, and EC is parallel to AB, intersecting circle O at E. How many angles in the figure are equal to $\frac{1}{2} \angle BOC$?
A. 2
B. 3
C. 4
D. 5",
2596,"A teapot is placed on the table, and four students observe it from their respective directions. Please identify which of the four images on the right side of the physical object corresponds to each student from left to right.
A. ①②③④
B. ①③②④
C. ②④①③
D. ④③①②
E.",
2597,"In the figure, AB is parallel to DF, AC is perpendicular to BC at point C, and the extension of CB intersects DF at point E. If ∠A = 20°, what is the measure of ∠CEF in degrees?",
2598,"Four rectangles, each of dimensions a × b, are arranged non-overlapping inside a larger rectangle of width m and height n, as shown in Figure 3. The uncovered parts are shaded. Find the sum of the perimeters of the two shaded parts in terms of m and n.",
2599,"In the figure, the inverse proportional function \(y=kx (x > 0)\) intersects the diagonal point \(M\) of rectangle \(OABC\), and intersects lines \(AB\) and \(BC\) at points \(D\) and \(E\), respectively. If the area of quadrilateral \(ODBE\) is \(6\), then the area of triangle \(OAD\) is ( )
A. \(1\)
B. \(2\)
C. \(3\)
D. \(4\)",
